Verpackung,Hausmuell
06.01.2024,09.01.2024
19.01.2024,23.01.2024
02.02.2024,06.02.2024
16.02.2024,20.02.2024
01.03.2024,05.03.2024
15.03.2024,19.03.2024
30.03.2024,03.04.2024
12.04.2024,16.04.2024
26.04.2024,30.04.2024
11.05.2024,14.05.2024
25.05.2024,28.05.2024
07.06.2024,11.06.2024
21.06.2024,25.06.2024
05.07.2024,09.07.2024
19.07.2024,23.07.2024
02.08.2024,06.08.2024
16.08.2024,20.08.2024
30.08.2024,03.09.2024
13.09.2024,17.09.2024
27.09.2024,01.10.2024
11.10.2024,15.10.2024
25.10.2024,29.10.2024
08.11.2024,12.11.2024
22.11.2024,26.11.2024
06.12.2024,10.12.2024
20.12.2024;23.12.2024
